<?xml version="1.0" encoding="UTF-8"?>
<project-private xmlns="http://www.netbeans.org/ns/project-private/1">
    <editor-bookmarks xmlns="http://www.netbeans.org/ns/editor-bookmarks/2" lastBookmarkId="0"/>
    <open-files xmlns="http://www.netbeans.org/ns/projectui-open-files/2">
        <group>
            <file>file:/C:/Users/herac/Documents/GitHub/Proyecto2P_Chatrooms_Heraclito/ChatClientUI/src/chatclientui/ChatRoom.java</file>
            <file>file:/C:/Users/herac/Documents/GitHub/Proyecto2P_Chatrooms_Heraclito/ChatClientUI/src/chatclientui/ChatClientUI.java</file>
            <file>file:/C:/Users/herac/Documents/GitHub/Proyecto2P_Chatrooms_Heraclito/ChatClientUI/src/chatclientui/Receiver.java</file>
            <file>file:/C:/Users/herac/Documents/GitHub/Proyecto2P_Chatrooms_Heraclito/ChatClientUI/src/chatclientui/Menu.java</file>
        </group>
    </open-files>
</project-private>
